[{
  "_id": {
    "$oid": "648995d319e73fa9fce5e9cf"
  },
  "LANGUAGE_KEY": "EN",
  "INCOTERMS": "CFR",
  "DESCRIPTION": "Costs and freight"
},
{
  "_id": {
    "$oid": "648995d319e73fa9fce5e9d0"
  },
  "LANGUAGE_KEY": "EN",
  "INCOTERMS": "CIF",
  "DESCRIPTION": "Costs, insurance & freight"
},
{
  "_id": {
    "$oid": "648995d319e73fa9fce5e9d1"
  },
  "LANGUAGE_KEY": "EN",
  "INCOTERMS": "CIP",
  "DESCRIPTION": "Carriage and insurance paid to"
},
{
  "_id": {
    "$oid": "648995d319e73fa9fce5e9d2"
  },
  "LANGUAGE_KEY": "EN",
  "INCOTERMS": "CPT",
  "DESCRIPTION": "Carriage paid to"
},
{
  "_id": {
    "$oid": "648995d319e73fa9fce5e9d3"
  },
  "LANGUAGE_KEY": "EN",
  "INCOTERMS": "DAF",
  "DESCRIPTION": "Delivered at frontier"
},
{
  "_id": {
    "$oid": "648995d319e73fa9fce5e9d4"
  },
  "LANGUAGE_KEY": "EN",
  "INCOTERMS": "DDP",
  "DESCRIPTION": "Delivered Duty Paid"
},
{
  "_id": {
    "$oid": "648995d319e73fa9fce5e9d5"
  },
  "LANGUAGE_KEY": "EN",
  "INCOTERMS": "DDU",
  "DESCRIPTION": "Delivered Duty Unpaid"
},
{
  "_id": {
    "$oid": "648995d319e73fa9fce5e9d6"
  },
  "LANGUAGE_KEY": "EN",
  "INCOTERMS": "DEQ",
  "DESCRIPTION": "Delivered ex quay (duty paid)"
},
{
  "_id": {
    "$oid": "648995d319e73fa9fce5e9d7"
  },
  "LANGUAGE_KEY": "EN",
  "INCOTERMS": "DES",
  "DESCRIPTION": "Delivered ex ship"
},
{
  "_id": {
    "$oid": "648995d319e73fa9fce5e9d8"
  },
  "LANGUAGE_KEY": "EN",
  "INCOTERMS": "EXW",
  "DESCRIPTION": "Ex Works"
},
{
  "_id": {
    "$oid": "648995d319e73fa9fce5e9d9"
  },
  "LANGUAGE_KEY": "EN",
  "INCOTERMS": "FAS",
  "DESCRIPTION": "Free Alongside Ship"
},
{
  "_id": {
    "$oid": "648995d319e73fa9fce5e9da"
  },
  "LANGUAGE_KEY": "EN",
  "INCOTERMS": "FCA",
  "DESCRIPTION": "Free Carrier"
},
{
  "_id": {
    "$oid": "648995d319e73fa9fce5e9db"
  },
  "LANGUAGE_KEY": "EN",
  "INCOTERMS": "FH",
  "DESCRIPTION": "Free house"
},
{
  "_id": {
    "$oid": "648995d319e73fa9fce5e9dc"
  },
  "LANGUAGE_KEY": "EN",
  "INCOTERMS": "FOB",
  "DESCRIPTION": "FREE ON BOARD"
},
{
  "_id": {
    "$oid": "648995d319e73fa9fce5e9dd"
  },
  "LANGUAGE_KEY": "EN",
  "INCOTERMS": "FOR",
  "DESCRIPTION": "FREE ON ROAD"
},
{
  "_id": {
    "$oid": "648995d319e73fa9fce5e9de"
  },
  "LANGUAGE_KEY": "EN",
  "INCOTERMS": "UN",
  "DESCRIPTION": "Not Free"
}]