[{
  "_id": {
    "$oid": "648999480a1fc9d5f3ca452c"
  },
  "COUNTRY_KEY": "AD",
  "TIME_ZONE": "CET",
  "COUNTRY_NAME": "Andorra"
},
{
  "_id": {
    "$oid": "648999480a1fc9d5f3ca452d"
  },
  "COUNTRY_KEY": "AE",
  "TIME_ZONE": "UTC+4",
  "COUNTRY_NAME": "Utd.Arab Emir."
},
{
  "_id": {
    "$oid": "648999480a1fc9d5f3ca452e"
  },
  "COUNTRY_KEY": "AF",
  "TIME_ZONE": "AFGHAN",
  "COUNTRY_NAME": "Afghanistan"
},
{
  "_id": {
    "$oid": "648999480a1fc9d5f3ca452f"
  },
  "COUNTRY_KEY": "AG",
  "TIME_ZONE": "UTC-4",
  "COUNTRY_NAME": "Antigua/Barbuda"
},
{
  "_id": {
    "$oid": "648999480a1fc9d5f3ca4530"
  },
  "COUNTRY_KEY": "AI",
  "TIME_ZONE": "UTC-4",
  "COUNTRY_NAME": "Anguilla"
},
{
  "_id": {
    "$oid": "648999480a1fc9d5f3ca4531"
  },
  "COUNTRY_KEY": "AL",
  "TIME_ZONE": "CET",
  "COUNTRY_NAME": "Albania"
},
{
  "_id": {
    "$oid": "648999480a1fc9d5f3ca4532"
  },
  "COUNTRY_KEY": "AM",
  "TIME_ZONE": "UTC+4",
  "COUNTRY_NAME": "Armenia"
},
{
  "_id": {
    "$oid": "648999480a1fc9d5f3ca4533"
  },
  "COUNTRY_KEY": "AO",
  "TIME_ZONE": "WAT",
  "COUNTRY_NAME": "Angola"
},
{
  "_id": {
    "$oid": "648999480a1fc9d5f3ca4534"
  },
  "COUNTRY_KEY": "AQ",
  "TIME_ZONE": "UTC+6",
  "COUNTRY_NAME": "Antarctica"
},
{
  "_id": {
    "$oid": "648999480a1fc9d5f3ca4535"
  },
  "COUNTRY_KEY": "AR",
  "TIME_ZONE": "ART",
  "COUNTRY_NAME": "Argentina"
},
{
  "_id": {
    "$oid": "648999480a1fc9d5f3ca4536"
  },
  "COUNTRY_KEY": "AS",
  "TIME_ZONE": "UTC-11",
  "COUNTRY_NAME": "Samoa, America"
},
{
  "_id": {
    "$oid": "648999480a1fc9d5f3ca4537"
  },
  "COUNTRY_KEY": "AT",
  "TIME_ZONE": "CET",
  "COUNTRY_NAME": "Austria"
},
{
  "_id": {
    "$oid": "648999480a1fc9d5f3ca4538"
  },
  "COUNTRY_KEY": "AU",
  "TIME_ZONE": "AUSACT",
  "COUNTRY_NAME": "Australia"
},
{
  "_id": {
    "$oid": "648999480a1fc9d5f3ca4539"
  },
  "COUNTRY_KEY": "AW",
  "TIME_ZONE": "UTC-4",
  "COUNTRY_NAME": "Aruba"
},
{
  "_id": {
    "$oid": "648999480a1fc9d5f3ca453a"
  },
  "COUNTRY_KEY": "AX",
  "TIME_ZONE": "EET",
  "COUNTRY_NAME": "Aland Islands"
},
{
  "_id": {
    "$oid": "648999480a1fc9d5f3ca453b"
  },
  "COUNTRY_KEY": "AZ",
  "TIME_ZONE": "AZT",
  "COUNTRY_NAME": "Azerbaijan"
},
{
  "_id": {
    "$oid": "648999480a1fc9d5f3ca453c"
  },
  "COUNTRY_KEY": "BA",
  "TIME_ZONE": "CET",
  "COUNTRY_NAME": "Bosnia-Herz."
},
{
  "_id": {
    "$oid": "648999480a1fc9d5f3ca453d"
  },
  "COUNTRY_KEY": "BB",
  "TIME_ZONE": "UTC-4",
  "COUNTRY_NAME": "Barbados"
},
{
  "_id": {
    "$oid": "648999480a1fc9d5f3ca453e"
  },
  "COUNTRY_KEY": "BD",
  "TIME_ZONE": "BDT",
  "COUNTRY_NAME": "Bangladesh"
},
{
  "_id": {
    "$oid": "648999480a1fc9d5f3ca453f"
  },
  "COUNTRY_KEY": "BE",
  "TIME_ZONE": "CET",
  "COUNTRY_NAME": "Belgium"
},
{
  "_id": {
    "$oid": "648999480a1fc9d5f3ca4540"
  },
  "COUNTRY_KEY": "BF",
  "TIME_ZONE": "UTC",
  "COUNTRY_NAME": "Burkina Faso"
},
{
  "_id": {
    "$oid": "648999480a1fc9d5f3ca4541"
  },
  "COUNTRY_KEY": "BG",
  "TIME_ZONE": "EET",
  "COUNTRY_NAME": "Bulgaria"
},
{
  "_id": {
    "$oid": "648999480a1fc9d5f3ca4542"
  },
  "COUNTRY_KEY": "BH",
  "TIME_ZONE": "UTC+3",
  "COUNTRY_NAME": "Bahrain"
},
{
  "_id": {
    "$oid": "648999480a1fc9d5f3ca4543"
  },
  "COUNTRY_KEY": "BI",
  "TIME_ZONE": "CAT",
  "COUNTRY_NAME": "Burundi"
},
{
  "_id": {
    "$oid": "648999480a1fc9d5f3ca4544"
  },
  "COUNTRY_KEY": "BJ",
  "TIME_ZONE": "WAT",
  "COUNTRY_NAME": "Benin"
},
{
  "_id": {
    "$oid": "648999480a1fc9d5f3ca4545"
  },
  "COUNTRY_KEY": "BL",
  "TIME_ZONE": "UTC-4",
  "COUNTRY_NAME": "St. Barthelemy"
},
{
  "_id": {
    "$oid": "648999480a1fc9d5f3ca4546"
  },
  "COUNTRY_KEY": "BM",
  "TIME_ZONE": "AST",
  "COUNTRY_NAME": "Bermuda"
},
{
  "_id": {
    "$oid": "648999480a1fc9d5f3ca4547"
  },
  "COUNTRY_KEY": "BN",
  "TIME_ZONE": "UTC+8",
  "COUNTRY_NAME": "Brunei Daruss."
},
{
  "_id": {
    "$oid": "648999480a1fc9d5f3ca4548"
  },
  "COUNTRY_KEY": "BO",
  "TIME_ZONE": "UTC-4",
  "COUNTRY_NAME": "Bolivia"
},
{
  "_id": {
    "$oid": "648999480a1fc9d5f3ca4549"
  },
  "COUNTRY_KEY": "BQ",
  "TIME_ZONE": "UTC-4",
  "COUNTRY_NAME": "Bonaire, Saba"
},
{
  "_id": {
    "$oid": "648999480a1fc9d5f3ca454a"
  },
  "COUNTRY_KEY": "BR",
  "TIME_ZONE": "BRAZIL",
  "COUNTRY_NAME": "Brazil"
},
{
  "_id": {
    "$oid": "648999480a1fc9d5f3ca454b"
  },
  "COUNTRY_KEY": "BS",
  "TIME_ZONE": "EST",
  "COUNTRY_NAME": "Bahamas"
},
{
  "_id": {
    "$oid": "648999480a1fc9d5f3ca454c"
  },
  "COUNTRY_KEY": "BT",
  "TIME_ZONE": "UTC+6",
  "COUNTRY_NAME": "Bhutan"
},
{
  "_id": {
    "$oid": "648999480a1fc9d5f3ca454d"
  },
  "COUNTRY_KEY": "BV",
  "TIME_ZONE": "UTC",
  "COUNTRY_NAME": "Bouvet Islands"
},
{
  "_id": {
    "$oid": "648999480a1fc9d5f3ca454e"
  },
  "COUNTRY_KEY": "BW",
  "TIME_ZONE": "CAT",
  "COUNTRY_NAME": "Botswana"
},
{
  "_id": {
    "$oid": "648999480a1fc9d5f3ca454f"
  },
  "COUNTRY_KEY": "BY",
  "TIME_ZONE": "UTC+3",
  "COUNTRY_NAME": "Belarus"
},
{
  "_id": {
    "$oid": "648999480a1fc9d5f3ca4550"
  },
  "COUNTRY_KEY": "BZ",
  "TIME_ZONE": "UTC-6",
  "COUNTRY_NAME": "Belize"
},
{
  "_id": {
    "$oid": "648999480a1fc9d5f3ca4551"
  },
  "COUNTRY_KEY": "CA",
  "TIME_ZONE": "CST",
  "COUNTRY_NAME": "Canada"
},
{
  "_id": {
    "$oid": "648999480a1fc9d5f3ca4552"
  },
  "COUNTRY_KEY": "CC",
  "TIME_ZONE": "UTC+63",
  "COUNTRY_NAME": "Keeling Islands"
},
{
  "_id": {
    "$oid": "648999480a1fc9d5f3ca4553"
  },
  "COUNTRY_KEY": "CD",
  "TIME_ZONE": "WAT",
  "COUNTRY_NAME": "Dem. Rep. Congo"
},
{
  "_id": {
    "$oid": "648999480a1fc9d5f3ca4554"
  },
  "COUNTRY_KEY": "CF",
  "TIME_ZONE": "WAT",
  "COUNTRY_NAME": "CAR"
},
{
  "_id": {
    "$oid": "648999480a1fc9d5f3ca4555"
  },
  "COUNTRY_KEY": "CG",
  "TIME_ZONE": "WAT",
  "COUNTRY_NAME": "Rep.of Congo"
},
{
  "_id": {
    "$oid": "648999480a1fc9d5f3ca4556"
  },
  "COUNTRY_KEY": "CH",
  "TIME_ZONE": "CET",
  "COUNTRY_NAME": "Switzerland"
},
{
  "_id": {
    "$oid": "648999480a1fc9d5f3ca4557"
  },
  "COUNTRY_KEY": "CI",
  "TIME_ZONE": "UTC",
  "COUNTRY_NAME": "Cote d'Ivoire"
},
{
  "_id": {
    "$oid": "648999480a1fc9d5f3ca4558"
  },
  "COUNTRY_KEY": "CK",
  "TIME_ZONE": "UTC-10",
  "COUNTRY_NAME": "Cook Islands"
},
{
  "_id": {
    "$oid": "648999480a1fc9d5f3ca4559"
  },
  "COUNTRY_KEY": "CL",
  "TIME_ZONE": "CHILE",
  "COUNTRY_NAME": "Chile"
},
{
  "_id": {
    "$oid": "648999480a1fc9d5f3ca455a"
  },
  "COUNTRY_KEY": "CM",
  "TIME_ZONE": "WAT",
  "COUNTRY_NAME": "Cameroon"
},
{
  "_id": {
    "$oid": "648999480a1fc9d5f3ca455b"
  },
  "COUNTRY_KEY": "CN",
  "TIME_ZONE": "UTC+8",
  "COUNTRY_NAME": "China"
},
{
  "_id": {
    "$oid": "648999480a1fc9d5f3ca455c"
  },
  "COUNTRY_KEY": "CO",
  "TIME_ZONE": "UTC-5",
  "COUNTRY_NAME": "Colombia"
},
{
  "_id": {
    "$oid": "648999480a1fc9d5f3ca455d"
  },
  "COUNTRY_KEY": "CR",
  "TIME_ZONE": "UTC-6",
  "COUNTRY_NAME": "Costa Rica"
},
{
  "_id": {
    "$oid": "648999480a1fc9d5f3ca455e"
  },
  "COUNTRY_KEY": "CU",
  "TIME_ZONE": "EST_NA",
  "COUNTRY_NAME": "Cuba"
},
{
  "_id": {
    "$oid": "648999480a1fc9d5f3ca455f"
  },
  "COUNTRY_KEY": "CV",
  "TIME_ZONE": "UTC-1",
  "COUNTRY_NAME": "Cape Verde"
},
{
  "_id": {
    "$oid": "648999480a1fc9d5f3ca4560"
  },
  "COUNTRY_KEY": "CW",
  "TIME_ZONE": "UTC-4",
  "COUNTRY_NAME": "Curacao"
},
{
  "_id": {
    "$oid": "648999480a1fc9d5f3ca4561"
  },
  "COUNTRY_KEY": "CX",
  "TIME_ZONE": "UTC+7",
  "COUNTRY_NAME": "Christmas Islnd"
},
{
  "_id": {
    "$oid": "648999480a1fc9d5f3ca4562"
  },
  "COUNTRY_KEY": "CY",
  "TIME_ZONE": "CYPRUS",
  "COUNTRY_NAME": "Cyprus"
},
{
  "_id": {
    "$oid": "648999480a1fc9d5f3ca4563"
  },
  "COUNTRY_KEY": "CZ",
  "TIME_ZONE": "CET",
  "COUNTRY_NAME": "Czech Republic"
},
{
  "_id": {
    "$oid": "648999480a1fc9d5f3ca4564"
  },
  "COUNTRY_KEY": "DE",
  "TIME_ZONE": "CET",
  "COUNTRY_NAME": "Germany"
},
{
  "_id": {
    "$oid": "648999480a1fc9d5f3ca4565"
  },
  "COUNTRY_KEY": "DJ",
  "TIME_ZONE": "UTC+3",
  "COUNTRY_NAME": "Djibouti"
},
{
  "_id": {
    "$oid": "648999480a1fc9d5f3ca4566"
  },
  "COUNTRY_KEY": "DK",
  "TIME_ZONE": "CET",
  "COUNTRY_NAME": "Denmark"
},
{
  "_id": {
    "$oid": "648999480a1fc9d5f3ca4567"
  },
  "COUNTRY_KEY": "DM",
  "TIME_ZONE": "UTC-4",
  "COUNTRY_NAME": "Dominica"
},
{
  "_id": {
    "$oid": "648999480a1fc9d5f3ca4568"
  },
  "COUNTRY_KEY": "DO",
  "TIME_ZONE": "UTC-4",
  "COUNTRY_NAME": "Dominican Rep."
},
{
  "_id": {
    "$oid": "648999480a1fc9d5f3ca4569"
  },
  "COUNTRY_KEY": "DZ",
  "TIME_ZONE": "WAT",
  "COUNTRY_NAME": "Algeria"
},
{
  "_id": {
    "$oid": "648999480a1fc9d5f3ca456a"
  },
  "COUNTRY_KEY": "EC",
  "TIME_ZONE": "UTC-5",
  "COUNTRY_NAME": "Ecuador"
},
{
  "_id": {
    "$oid": "648999480a1fc9d5f3ca456b"
  },
  "COUNTRY_KEY": "EE",
  "TIME_ZONE": "EET",
  "COUNTRY_NAME": "Estonia"
},
{
  "_id": {
    "$oid": "648999480a1fc9d5f3ca456c"
  },
  "COUNTRY_KEY": "EG",
  "TIME_ZONE": "EGYPT",
  "COUNTRY_NAME": "Egypt"
},
{
  "_id": {
    "$oid": "648999480a1fc9d5f3ca456d"
  },
  "COUNTRY_KEY": "EH",
  "TIME_ZONE": "UTC",
  "COUNTRY_NAME": "West Sahara"
},
{
  "_id": {
    "$oid": "648999480a1fc9d5f3ca456e"
  },
  "COUNTRY_KEY": "ER",
  "TIME_ZONE": "UTC+3",
  "COUNTRY_NAME": "Eritrea"
},
{
  "_id": {
    "$oid": "648999480a1fc9d5f3ca456f"
  },
  "COUNTRY_KEY": "ES",
  "TIME_ZONE": "CET",
  "COUNTRY_NAME": "Spain"
},
{
  "_id": {
    "$oid": "648999480a1fc9d5f3ca4570"
  },
  "COUNTRY_KEY": "ET",
  "TIME_ZONE": "UTC+3",
  "COUNTRY_NAME": "Ethiopia"
},
{
  "_id": {
    "$oid": "648999480a1fc9d5f3ca4571"
  },
  "COUNTRY_KEY": "FI",
  "TIME_ZONE": "EET",
  "COUNTRY_NAME": "European Union"
},
{
  "_id": {
    "$oid": "648999480a1fc9d5f3ca4572"
  },
  "COUNTRY_KEY": "FJ",
  "TIME_ZONE": "FIJI",
  "COUNTRY_NAME": "Finland"
},
{
  "_id": {
    "$oid": "648999480a1fc9d5f3ca4573"
  },
  "COUNTRY_KEY": "FK",
  "TIME_ZONE": "FLKLND",
  "COUNTRY_NAME": "Fiji"
},
{
  "_id": {
    "$oid": "648999480a1fc9d5f3ca4574"
  },
  "COUNTRY_KEY": "FM",
  "TIME_ZONE": "UTC+10",
  "COUNTRY_NAME": "Falkland Islnds"
},
{
  "_id": {
    "$oid": "648999480a1fc9d5f3ca4575"
  },
  "COUNTRY_KEY": "FO",
  "TIME_ZONE": "WET",
  "COUNTRY_NAME": "Micronesia"
},
{
  "_id": {
    "$oid": "648999480a1fc9d5f3ca4576"
  },
  "COUNTRY_KEY": "FR",
  "TIME_ZONE": "CET",
  "COUNTRY_NAME": "Faroe Islands"
},
{
  "_id": {
    "$oid": "648999480a1fc9d5f3ca4577"
  },
  "COUNTRY_KEY": "GA",
  "TIME_ZONE": "WAT",
  "COUNTRY_NAME": "France"
},
{
  "_id": {
    "$oid": "648999480a1fc9d5f3ca4578"
  },
  "COUNTRY_KEY": "GB",
  "TIME_ZONE": "GMTUK",
  "COUNTRY_NAME": "Gabon"
},
{
  "_id": {
    "$oid": "648999480a1fc9d5f3ca4579"
  },
  "COUNTRY_KEY": "GD",
  "TIME_ZONE": "UTC-4",
  "COUNTRY_NAME": "United Kingdom"
},
{
  "_id": {
    "$oid": "648999480a1fc9d5f3ca457a"
  },
  "COUNTRY_KEY": "GE",
  "TIME_ZONE": "UTC+4",
  "COUNTRY_NAME": "Grenada"
},
{
  "_id": {
    "$oid": "648999480a1fc9d5f3ca457b"
  },
  "COUNTRY_KEY": "GF",
  "TIME_ZONE": "UTC-3",
  "COUNTRY_NAME": "Georgia"
},
{
  "_id": {
    "$oid": "648999480a1fc9d5f3ca457c"
  },
  "COUNTRY_KEY": "GG",
  "TIME_ZONE": "GMTUK",
  "COUNTRY_NAME": "French Guayana"
},
{
  "_id": {
    "$oid": "648999480a1fc9d5f3ca457d"
  },
  "COUNTRY_KEY": "GH",
  "TIME_ZONE": "UTC",
  "COUNTRY_NAME": "Guernsey"
},
{
  "_id": {
    "$oid": "648999480a1fc9d5f3ca457e"
  },
  "COUNTRY_KEY": "GI",
  "TIME_ZONE": "CET",
  "COUNTRY_NAME": "Ghana"
},
{
  "_id": {
    "$oid": "648999480a1fc9d5f3ca457f"
  },
  "COUNTRY_KEY": "GL",
  "TIME_ZONE": "GST",
  "COUNTRY_NAME": "Gibraltar"
},
{
  "_id": {
    "$oid": "648999480a1fc9d5f3ca4580"
  },
  "COUNTRY_KEY": "GM",
  "TIME_ZONE": "UTC",
  "COUNTRY_NAME": "Greenland"
},
{
  "_id": {
    "$oid": "648999480a1fc9d5f3ca4581"
  },
  "COUNTRY_KEY": "GN",
  "TIME_ZONE": "UTC",
  "COUNTRY_NAME": "Gambia"
},
{
  "_id": {
    "$oid": "648999480a1fc9d5f3ca4582"
  },
  "COUNTRY_KEY": "GP",
  "TIME_ZONE": "UTC-4",
  "COUNTRY_NAME": "Guinea"
},
{
  "_id": {
    "$oid": "648999480a1fc9d5f3ca4583"
  },
  "COUNTRY_KEY": "GQ",
  "TIME_ZONE": "WAT",
  "COUNTRY_NAME": "Guadeloupe"
},
{
  "_id": {
    "$oid": "648999480a1fc9d5f3ca4584"
  },
  "COUNTRY_KEY": "GR",
  "TIME_ZONE": "EET",
  "COUNTRY_NAME": "Equatorial Guin"
},
{
  "_id": {
    "$oid": "648999480a1fc9d5f3ca4585"
  },
  "COUNTRY_KEY": "GS",
  "TIME_ZONE": "UTC-2",
  "COUNTRY_NAME": "Greece"
},
{
  "_id": {
    "$oid": "648999480a1fc9d5f3ca4586"
  },
  "COUNTRY_KEY": "GT",
  "TIME_ZONE": "UTC-6",
  "COUNTRY_NAME": "S. Sandwich Ins"
},
{
  "_id": {
    "$oid": "648999480a1fc9d5f3ca4587"
  },
  "COUNTRY_KEY": "GU",
  "TIME_ZONE": "UTC+10",
  "COUNTRY_NAME": "Guatemala"
},
{
  "_id": {
    "$oid": "648999480a1fc9d5f3ca4588"
  },
  "COUNTRY_KEY": "GW",
  "TIME_ZONE": "UTC",
  "COUNTRY_NAME": "Guam"
},
{
  "_id": {
    "$oid": "648999480a1fc9d5f3ca4589"
  },
  "COUNTRY_KEY": "GY",
  "TIME_ZONE": "UTC-4",
  "COUNTRY_NAME": "Guinea-Bissau"
},
{
  "_id": {
    "$oid": "648999480a1fc9d5f3ca458a"
  },
  "COUNTRY_KEY": "HK",
  "TIME_ZONE": "UTC+8",
  "COUNTRY_NAME": "Guyana"
},
{
  "_id": {
    "$oid": "648999480a1fc9d5f3ca458b"
  },
  "COUNTRY_KEY": "HM",
  "TIME_ZONE": "UTC+5",
  "COUNTRY_NAME": "Hong Kong"
},
{
  "_id": {
    "$oid": "648999480a1fc9d5f3ca458c"
  },
  "COUNTRY_KEY": "HN",
  "TIME_ZONE": "UTC-6",
  "COUNTRY_NAME": "Heard/McDon.Isl"
},
{
  "_id": {
    "$oid": "648999480a1fc9d5f3ca458d"
  },
  "COUNTRY_KEY": "HR",
  "TIME_ZONE": "CET",
  "COUNTRY_NAME": "Honduras"
},
{
  "_id": {
    "$oid": "648999480a1fc9d5f3ca458e"
  },
  "COUNTRY_KEY": "HT",
  "TIME_ZONE": "EST",
  "COUNTRY_NAME": "Croatia"
},
{
  "_id": {
    "$oid": "648999480a1fc9d5f3ca458f"
  },
  "COUNTRY_KEY": "HU",
  "TIME_ZONE": "CET",
  "COUNTRY_NAME": "Haiti"
},
{
  "_id": {
    "$oid": "648999480a1fc9d5f3ca4590"
  },
  "COUNTRY_KEY": "ID",
  "TIME_ZONE": "UTC+8",
  "COUNTRY_NAME": "Hungary"
},
{
  "_id": {
    "$oid": "648999480a1fc9d5f3ca4591"
  },
  "COUNTRY_KEY": "IE",
  "TIME_ZONE": "GMTUK",
  "COUNTRY_NAME": "Indonesia"
},
{
  "_id": {
    "$oid": "648999480a1fc9d5f3ca4592"
  },
  "COUNTRY_KEY": "IL",
  "TIME_ZONE": "ISRAEL",
  "COUNTRY_NAME": "Ireland"
},
{
  "_id": {
    "$oid": "648999480a1fc9d5f3ca4593"
  },
  "COUNTRY_KEY": "IM",
  "TIME_ZONE": "GMTUK",
  "COUNTRY_NAME": "Israel"
},
{
  "_id": {
    "$oid": "648999480a1fc9d5f3ca4594"
  },
  "COUNTRY_KEY": "IN",
  "TIME_ZONE": "INDIA",
  "COUNTRY_NAME": "Isle of Man"
},
{
  "_id": {
    "$oid": "648999480a1fc9d5f3ca4595"
  },
  "COUNTRY_KEY": "IO",
  "TIME_ZONE": "UTC+6",
  "COUNTRY_NAME": "India"
},
{
  "_id": {
    "$oid": "648999480a1fc9d5f3ca4596"
  },
  "COUNTRY_KEY": "IQ",
  "TIME_ZONE": "IRAQ",
  "COUNTRY_NAME": "Brit.Ind.Oc.Ter"
},
{
  "_id": {
    "$oid": "648999480a1fc9d5f3ca4597"
  },
  "COUNTRY_KEY": "IR",
  "TIME_ZONE": "IRAN",
  "COUNTRY_NAME": "Iraq"
},
{
  "_id": {
    "$oid": "648999480a1fc9d5f3ca4598"
  },
  "COUNTRY_KEY": "IS",
  "TIME_ZONE": "UTC",
  "COUNTRY_NAME": "Iran"
},
{
  "_id": {
    "$oid": "648999480a1fc9d5f3ca4599"
  },
  "COUNTRY_KEY": "IT",
  "TIME_ZONE": "CET",
  "COUNTRY_NAME": "Iceland"
},
{
  "_id": {
    "$oid": "648999480a1fc9d5f3ca459a"
  },
  "COUNTRY_KEY": "JE",
  "TIME_ZONE": "GMTUK",
  "COUNTRY_NAME": "Italy"
},
{
  "_id": {
    "$oid": "648999480a1fc9d5f3ca459b"
  },
  "COUNTRY_KEY": "JM",
  "TIME_ZONE": "UTC-5",
  "COUNTRY_NAME": "Jersey"
},
{
  "_id": {
    "$oid": "648999480a1fc9d5f3ca459c"
  },
  "COUNTRY_KEY": "JO",
  "TIME_ZONE": "JORDAN",
  "COUNTRY_NAME": "Jamaica"
},
{
  "_id": {
    "$oid": "648999480a1fc9d5f3ca459d"
  },
  "COUNTRY_KEY": "JP",
  "TIME_ZONE": "JAPAN",
  "COUNTRY_NAME": "Jordan"
},
{
  "_id": {
    "$oid": "648999480a1fc9d5f3ca459e"
  },
  "COUNTRY_KEY": "KE",
  "TIME_ZONE": "UTC+3",
  "COUNTRY_NAME": "Japan"
},
{
  "_id": {
    "$oid": "648999480a1fc9d5f3ca459f"
  },
  "COUNTRY_KEY": "KG",
  "TIME_ZONE": "UTC+6",
  "COUNTRY_NAME": "Kenya"
},
{
  "_id": {
    "$oid": "648999480a1fc9d5f3ca45a0"
  },
  "COUNTRY_KEY": "KH",
  "TIME_ZONE": "UTC+7",
  "COUNTRY_NAME": "Kyrgyzstan"
},
{
  "_id": {
    "$oid": "648999480a1fc9d5f3ca45a1"
  },
  "COUNTRY_KEY": "KI",
  "TIME_ZONE": "UTC+12",
  "COUNTRY_NAME": "Cambodia"
},
{
  "_id": {
    "$oid": "648999480a1fc9d5f3ca45a2"
  },
  "COUNTRY_KEY": "KM",
  "TIME_ZONE": "UTC+3",
  "COUNTRY_NAME": "Kiribati"
},
{
  "_id": {
    "$oid": "648999480a1fc9d5f3ca45a3"
  },
  "COUNTRY_KEY": "KN",
  "TIME_ZONE": "UTC-4",
  "COUNTRY_NAME": "Comoros"
},
{
  "_id": {
    "$oid": "648999480a1fc9d5f3ca45a4"
  },
  "COUNTRY_KEY": "KP",
  "TIME_ZONE": "UTC+9",
  "COUNTRY_NAME": "St Kitts&Nevis"
},
{
  "_id": {
    "$oid": "648999480a1fc9d5f3ca45a5"
  },
  "COUNTRY_KEY": "KR",
  "TIME_ZONE": "UTC+9",
  "COUNTRY_NAME": "North Korea"
},
{
  "_id": {
    "$oid": "648999480a1fc9d5f3ca45a6"
  },
  "COUNTRY_KEY": "KW",
  "TIME_ZONE": "UTC+3",
  "COUNTRY_NAME": "South Korea"
},
{
  "_id": {
    "$oid": "648999480a1fc9d5f3ca45a7"
  },
  "COUNTRY_KEY": "KY",
  "TIME_ZONE": "UTC-5",
  "COUNTRY_NAME": "Kuwait"
},
{
  "_id": {
    "$oid": "648999480a1fc9d5f3ca45a8"
  },
  "COUNTRY_KEY": "KZ",
  "TIME_ZONE": "QAZ_05",
  "COUNTRY_NAME": "Cayman Islands"
},
{
  "_id": {
    "$oid": "648999480a1fc9d5f3ca45a9"
  },
  "COUNTRY_KEY": "KZ",
  "TIME_ZONE": "QAZ_06",
  "COUNTRY_NAME": "Kazakhstan"
},
{
  "_id": {
    "$oid": "648999480a1fc9d5f3ca45aa"
  },
  "COUNTRY_KEY": "KZ",
  "TIME_ZONE": "UTC+6",
  "COUNTRY_NAME": "Laos"
},
{
  "_id": {
    "$oid": "648999480a1fc9d5f3ca45ab"
  },
  "COUNTRY_KEY": "LA",
  "TIME_ZONE": "UTC+7",
  "COUNTRY_NAME": "Lebanon"
},
{
  "_id": {
    "$oid": "648999480a1fc9d5f3ca45ac"
  },
  "COUNTRY_KEY": "LB",
  "TIME_ZONE": "LBANON",
  "COUNTRY_NAME": "St. Lucia"
},
{
  "_id": {
    "$oid": "648999480a1fc9d5f3ca45ad"
  },
  "COUNTRY_KEY": "LC",
  "TIME_ZONE": "UTC-4",
  "COUNTRY_NAME": "Liechtenstein"
},
{
  "_id": {
    "$oid": "648999480a1fc9d5f3ca45ae"
  },
  "COUNTRY_KEY": "LI",
  "TIME_ZONE": "CET",
  "COUNTRY_NAME": "Sri Lanka"
},
{
  "_id": {
    "$oid": "648999480a1fc9d5f3ca45af"
  },
  "COUNTRY_KEY": "LK",
  "TIME_ZONE": "UTC+53",
  "COUNTRY_NAME": "Liberia"
},
{
  "_id": {
    "$oid": "648999480a1fc9d5f3ca45b0"
  },
  "COUNTRY_KEY": "LR",
  "TIME_ZONE": "UTC",
  "COUNTRY_NAME": "Lesotho"
},
{
  "_id": {
    "$oid": "648999480a1fc9d5f3ca45b1"
  },
  "COUNTRY_KEY": "LS",
  "TIME_ZONE": "CAT",
  "COUNTRY_NAME": "Lithuania"
},
{
  "_id": {
    "$oid": "648999480a1fc9d5f3ca45b2"
  },
  "COUNTRY_KEY": "LT",
  "TIME_ZONE": "EET",
  "COUNTRY_NAME": "Luxembourg"
},
{
  "_id": {
    "$oid": "648999480a1fc9d5f3ca45b3"
  },
  "COUNTRY_KEY": "LU",
  "TIME_ZONE": "CET",
  "COUNTRY_NAME": "Latvia"
},
{
  "_id": {
    "$oid": "648999480a1fc9d5f3ca45b4"
  },
  "COUNTRY_KEY": "LV",
  "TIME_ZONE": "EET",
  "COUNTRY_NAME": "Libya"
},
{
  "_id": {
    "$oid": "648999480a1fc9d5f3ca45b5"
  },
  "COUNTRY_KEY": "LY",
  "TIME_ZONE": "CAT",
  "COUNTRY_NAME": "Morocco"
},
{
  "_id": {
    "$oid": "648999480a1fc9d5f3ca45b6"
  },
  "COUNTRY_KEY": "MA",
  "TIME_ZONE": "MOROCC",
  "COUNTRY_NAME": "Monaco"
},
{
  "_id": {
    "$oid": "648999480a1fc9d5f3ca45b7"
  },
  "COUNTRY_KEY": "MC",
  "TIME_ZONE": "CET",
  "COUNTRY_NAME": "Moldova"
},
{
  "_id": {
    "$oid": "648999480a1fc9d5f3ca45b8"
  },
  "COUNTRY_KEY": "MD",
  "TIME_ZONE": "MOLDVA",
  "COUNTRY_NAME": "Montenegro"
},
{
  "_id": {
    "$oid": "648999480a1fc9d5f3ca45b9"
  },
  "COUNTRY_KEY": "ME",
  "TIME_ZONE": "CET",
  "COUNTRY_NAME": "St. Martin"
},
{
  "_id": {
    "$oid": "648999480a1fc9d5f3ca45ba"
  },
  "COUNTRY_KEY": "MF",
  "TIME_ZONE": "UTC-4",
  "COUNTRY_NAME": "Madagascar"
},
{
  "_id": {
    "$oid": "648999480a1fc9d5f3ca45bb"
  },
  "COUNTRY_KEY": "MG",
  "TIME_ZONE": "UTC+3",
  "COUNTRY_NAME": "Marshall Islnds"
},
{
  "_id": {
    "$oid": "648999480a1fc9d5f3ca45bc"
  },
  "COUNTRY_KEY": "MH",
  "TIME_ZONE": "UTC+12",
  "COUNTRY_NAME": "North Macedonia"
},
{
  "_id": {
    "$oid": "648999480a1fc9d5f3ca45bd"
  },
  "COUNTRY_KEY": "MK",
  "TIME_ZONE": "CET",
  "COUNTRY_NAME": "Mali"
},
{
  "_id": {
    "$oid": "648999480a1fc9d5f3ca45be"
  },
  "COUNTRY_KEY": "ML",
  "TIME_ZONE": "UTC",
  "COUNTRY_NAME": "Burma"
},
{
  "_id": {
    "$oid": "648999480a1fc9d5f3ca45bf"
  },
  "COUNTRY_KEY": "MM",
  "TIME_ZONE": "UTC+63",
  "COUNTRY_NAME": "Mongolia"
},
{
  "_id": {
    "$oid": "648999480a1fc9d5f3ca45c0"
  },
  "COUNTRY_KEY": "MN",
  "TIME_ZONE": "UTC+8",
  "COUNTRY_NAME": "Macau"
},
{
  "_id": {
    "$oid": "648999480a1fc9d5f3ca45c1"
  },
  "COUNTRY_KEY": "MO",
  "TIME_ZONE": "UTC+8",
  "COUNTRY_NAME": "N.Mariana Islnd"
},
{
  "_id": {
    "$oid": "648999480a1fc9d5f3ca45c2"
  },
  "COUNTRY_KEY": "MP",
  "TIME_ZONE": "UTC+10",
  "COUNTRY_NAME": "Martinique"
},
{
  "_id": {
    "$oid": "648999480a1fc9d5f3ca45c3"
  },
  "COUNTRY_KEY": "MQ",
  "TIME_ZONE": "UTC-4",
  "COUNTRY_NAME": "Mauritania"
},
{
  "_id": {
    "$oid": "648999480a1fc9d5f3ca45c4"
  },
  "COUNTRY_KEY": "MR",
  "TIME_ZONE": "UTC",
  "COUNTRY_NAME": "Montserrat"
},
{
  "_id": {
    "$oid": "648999480a1fc9d5f3ca45c5"
  },
  "COUNTRY_KEY": "MS",
  "TIME_ZONE": "UTC-4",
  "COUNTRY_NAME": "Malta"
},
{
  "_id": {
    "$oid": "648999480a1fc9d5f3ca45c6"
  },
  "COUNTRY_KEY": "MT",
  "TIME_ZONE": "CET",
  "COUNTRY_NAME": "Mauritius"
},
{
  "_id": {
    "$oid": "648999480a1fc9d5f3ca45c7"
  },
  "COUNTRY_KEY": "MU",
  "TIME_ZONE": "MAU",
  "COUNTRY_NAME": "Maldives"
},
{
  "_id": {
    "$oid": "648999480a1fc9d5f3ca45c8"
  },
  "COUNTRY_KEY": "MV",
  "TIME_ZONE": "UTC+5",
  "COUNTRY_NAME": "Malawi"
},
{
  "_id": {
    "$oid": "648999480a1fc9d5f3ca45c9"
  },
  "COUNTRY_KEY": "MW",
  "TIME_ZONE": "CAT",
  "COUNTRY_NAME": "Mexico"
},
{
  "_id": {
    "$oid": "648999480a1fc9d5f3ca45ca"
  },
  "COUNTRY_KEY": "MX",
  "TIME_ZONE": "CST_NA",
  "COUNTRY_NAME": "Malaysia"
},
{
  "_id": {
    "$oid": "648999480a1fc9d5f3ca45cb"
  },
  "COUNTRY_KEY": "MY",
  "TIME_ZONE": "UTC+8",
  "COUNTRY_NAME": "Mozambique"
},
{
  "_id": {
    "$oid": "648999480a1fc9d5f3ca45cc"
  },
  "COUNTRY_KEY": "MZ",
  "TIME_ZONE": "CAT",
  "COUNTRY_NAME": "Namibia"
},
{
  "_id": {
    "$oid": "648999480a1fc9d5f3ca45cd"
  },
  "COUNTRY_KEY": "NA",
  "TIME_ZONE": "NAT",
  "COUNTRY_NAME": "New Caledonia"
},
{
  "_id": {
    "$oid": "648999480a1fc9d5f3ca45ce"
  },
  "COUNTRY_KEY": "NC",
  "TIME_ZONE": "UTC+11",
  "COUNTRY_NAME": "Niger"
},
{
  "_id": {
    "$oid": "648999480a1fc9d5f3ca45cf"
  },
  "COUNTRY_KEY": "NE",
  "TIME_ZONE": "WAT",
  "COUNTRY_NAME": "Norfolk Islands"
},
{
  "_id": {
    "$oid": "648999480a1fc9d5f3ca45d0"
  },
  "COUNTRY_KEY": "NF",
  "TIME_ZONE": "NORFLK",
  "COUNTRY_NAME": "Nigeria"
},
{
  "_id": {
    "$oid": "648999480a1fc9d5f3ca45d1"
  },
  "COUNTRY_KEY": "NG",
  "TIME_ZONE": "WAT",
  "COUNTRY_NAME": "Nicaragua"
},
{
  "_id": {
    "$oid": "648999480a1fc9d5f3ca45d2"
  },
  "COUNTRY_KEY": "NI",
  "TIME_ZONE": "UTC-6",
  "COUNTRY_NAME": "Netherlands"
},
{
  "_id": {
    "$oid": "648999480a1fc9d5f3ca45d3"
  },
  "COUNTRY_KEY": "NL",
  "TIME_ZONE": "CET",
  "COUNTRY_NAME": "Norway"
},
{
  "_id": {
    "$oid": "648999480a1fc9d5f3ca45d4"
  },
  "COUNTRY_KEY": "NO",
  "TIME_ZONE": "CET",
  "COUNTRY_NAME": "Nepal"
},
{
  "_id": {
    "$oid": "648999480a1fc9d5f3ca45d5"
  },
  "COUNTRY_KEY": "NP",
  "TIME_ZONE": "NEPAL",
  "COUNTRY_NAME": "Nauru"
},
{
  "_id": {
    "$oid": "648999480a1fc9d5f3ca45d6"
  },
  "COUNTRY_KEY": "NR",
  "TIME_ZONE": "UTC+12",
  "COUNTRY_NAME": "NATO"
},
{
  "_id": {
    "$oid": "648999480a1fc9d5f3ca45d7"
  },
  "COUNTRY_KEY": "NU",
  "TIME_ZONE": "UTC-11",
  "COUNTRY_NAME": "Niue"
},
{
  "_id": {
    "$oid": "648999480a1fc9d5f3ca45d8"
  },
  "COUNTRY_KEY": "NZ",
  "TIME_ZONE": "NZST",
  "COUNTRY_NAME": "New Zealand"
},
{
  "_id": {
    "$oid": "648999480a1fc9d5f3ca45d9"
  },
  "COUNTRY_KEY": "OM",
  "TIME_ZONE": "UTC+4",
  "COUNTRY_NAME": "Oman"
},
{
  "_id": {
    "$oid": "648999480a1fc9d5f3ca45da"
  },
  "COUNTRY_KEY": "PA",
  "TIME_ZONE": "UTC-5",
  "COUNTRY_NAME": "Panama"
},
{
  "_id": {
    "$oid": "648999480a1fc9d5f3ca45db"
  },
  "COUNTRY_KEY": "PE",
  "TIME_ZONE": "UTC-5",
  "COUNTRY_NAME": "Peru"
},
{
  "_id": {
    "$oid": "648999480a1fc9d5f3ca45dc"
  },
  "COUNTRY_KEY": "PF",
  "TIME_ZONE": "UTC-10",
  "COUNTRY_NAME": "Frenc.Polynesia"
},
{
  "_id": {
    "$oid": "648999480a1fc9d5f3ca45dd"
  },
  "COUNTRY_KEY": "PG",
  "TIME_ZONE": "UTC+10",
  "COUNTRY_NAME": "Pap. New Guinea"
},
{
  "_id": {
    "$oid": "648999480a1fc9d5f3ca45de"
  },
  "COUNTRY_KEY": "PH",
  "TIME_ZONE": "UTC+8",
  "COUNTRY_NAME": "Philippines"
},
{
  "_id": {
    "$oid": "648999480a1fc9d5f3ca45df"
  },
  "COUNTRY_KEY": "PK",
  "TIME_ZONE": "PKT",
  "COUNTRY_NAME": "Pakistan"
},
{
  "_id": {
    "$oid": "648999480a1fc9d5f3ca45e0"
  },
  "COUNTRY_KEY": "PL",
  "TIME_ZONE": "CET",
  "COUNTRY_NAME": "Poland"
},
{
  "_id": {
    "$oid": "648999480a1fc9d5f3ca45e1"
  },
  "COUNTRY_KEY": "PM",
  "TIME_ZONE": "PIERRE",
  "COUNTRY_NAME": "St.Pier,Miquel."
},
{
  "_id": {
    "$oid": "648999480a1fc9d5f3ca45e2"
  },
  "COUNTRY_KEY": "PN",
  "TIME_ZONE": "UTC-8",
  "COUNTRY_NAME": "Pitcairn Islnds"
},
{
  "_id": {
    "$oid": "648999480a1fc9d5f3ca45e3"
  },
  "COUNTRY_KEY": "PR",
  "TIME_ZONE": "UTC-4",
  "COUNTRY_NAME": "Puerto Rico"
},
{
  "_id": {
    "$oid": "648999480a1fc9d5f3ca45e4"
  },
  "COUNTRY_KEY": "PS",
  "TIME_ZONE": "EET",
  "COUNTRY_NAME": "Palestine"
},
{
  "_id": {
    "$oid": "648999480a1fc9d5f3ca45e5"
  },
  "COUNTRY_KEY": "PT",
  "TIME_ZONE": "WET",
  "COUNTRY_NAME": "Portugal"
},
{
  "_id": {
    "$oid": "648999480a1fc9d5f3ca45e6"
  },
  "COUNTRY_KEY": "PW",
  "TIME_ZONE": "UTC+9",
  "COUNTRY_NAME": "Palau"
},
{
  "_id": {
    "$oid": "648999480a1fc9d5f3ca45e7"
  },
  "COUNTRY_KEY": "PY",
  "TIME_ZONE": "PARAGY",
  "COUNTRY_NAME": "Paraguay"
},
{
  "_id": {
    "$oid": "648999480a1fc9d5f3ca45e8"
  },
  "COUNTRY_KEY": "QA",
  "TIME_ZONE": "UTC+3",
  "COUNTRY_NAME": "Qatar"
},
{
  "_id": {
    "$oid": "648999480a1fc9d5f3ca45e9"
  },
  "COUNTRY_KEY": "RE",
  "TIME_ZONE": "UTC+4",
  "COUNTRY_NAME": "Reunion"
},
{
  "_id": {
    "$oid": "648999480a1fc9d5f3ca45ea"
  },
  "COUNTRY_KEY": "RO",
  "TIME_ZONE": "EET",
  "COUNTRY_NAME": "Romania"
},
{
  "_id": {
    "$oid": "648999480a1fc9d5f3ca45eb"
  },
  "COUNTRY_KEY": "RS",
  "TIME_ZONE": "CET",
  "COUNTRY_NAME": "Serbia"
},
{
  "_id": {
    "$oid": "648999480a1fc9d5f3ca45ec"
  },
  "COUNTRY_KEY": "RU",
  "TIME_ZONE": "RUS03",
  "COUNTRY_NAME": "Russian Fed."
},
{
  "_id": {
    "$oid": "648999480a1fc9d5f3ca45ed"
  },
  "COUNTRY_KEY": "RW",
  "TIME_ZONE": "CAT",
  "COUNTRY_NAME": "Rwanda"
},
{
  "_id": {
    "$oid": "648999480a1fc9d5f3ca45ee"
  },
  "COUNTRY_KEY": "SA",
  "TIME_ZONE": "UTC+3",
  "COUNTRY_NAME": "Saudi Arabia"
},
{
  "_id": {
    "$oid": "648999480a1fc9d5f3ca45ef"
  },
  "COUNTRY_KEY": "SB",
  "TIME_ZONE": "UTC+11",
  "COUNTRY_NAME": "Solomon Islands"
},
{
  "_id": {
    "$oid": "648999480a1fc9d5f3ca45f0"
  },
  "COUNTRY_KEY": "SC",
  "TIME_ZONE": "UTC+4",
  "COUNTRY_NAME": "Seychelles"
},
{
  "_id": {
    "$oid": "648999480a1fc9d5f3ca45f1"
  },
  "COUNTRY_KEY": "SD",
  "TIME_ZONE": "UTC+3",
  "COUNTRY_NAME": "Sudan"
},
{
  "_id": {
    "$oid": "648999480a1fc9d5f3ca45f2"
  },
  "COUNTRY_KEY": "SE",
  "TIME_ZONE": "CET",
  "COUNTRY_NAME": "Sweden"
},
{
  "_id": {
    "$oid": "648999480a1fc9d5f3ca45f3"
  },
  "COUNTRY_KEY": "SG",
  "TIME_ZONE": "UTC+8",
  "COUNTRY_NAME": "Singapore"
},
{
  "_id": {
    "$oid": "648999480a1fc9d5f3ca45f4"
  },
  "COUNTRY_KEY": "SH",
  "TIME_ZONE": "UTC",
  "COUNTRY_NAME": "Saint Helena"
},
{
  "_id": {
    "$oid": "648999480a1fc9d5f3ca45f5"
  },
  "COUNTRY_KEY": "SI",
  "TIME_ZONE": "CET",
  "COUNTRY_NAME": "Slovenia"
},
{
  "_id": {
    "$oid": "648999480a1fc9d5f3ca45f6"
  },
  "COUNTRY_KEY": "SJ",
  "TIME_ZONE": "CET",
  "COUNTRY_NAME": "Svalbard"
},
{
  "_id": {
    "$oid": "648999480a1fc9d5f3ca45f7"
  },
  "COUNTRY_KEY": "SK",
  "TIME_ZONE": "CET",
  "COUNTRY_NAME": "Slovakia"
},
{
  "_id": {
    "$oid": "648999480a1fc9d5f3ca45f8"
  },
  "COUNTRY_KEY": "SL",
  "TIME_ZONE": "UTC",
  "COUNTRY_NAME": "Sierra Leone"
},
{
  "_id": {
    "$oid": "648999480a1fc9d5f3ca45f9"
  },
  "COUNTRY_KEY": "SM",
  "TIME_ZONE": "CET",
  "COUNTRY_NAME": "San Marino"
},
{
  "_id": {
    "$oid": "648999480a1fc9d5f3ca45fa"
  },
  "COUNTRY_KEY": "SN",
  "TIME_ZONE": "UTC",
  "COUNTRY_NAME": "Senegal"
},
{
  "_id": {
    "$oid": "648999480a1fc9d5f3ca45fb"
  },
  "COUNTRY_KEY": "SO",
  "TIME_ZONE": "UTC+3",
  "COUNTRY_NAME": "Somalia"
},
{
  "_id": {
    "$oid": "648999480a1fc9d5f3ca45fc"
  },
  "COUNTRY_KEY": "SR",
  "TIME_ZONE": "UTC-3",
  "COUNTRY_NAME": "Suriname"
},
{
  "_id": {
    "$oid": "648999480a1fc9d5f3ca45fd"
  },
  "COUNTRY_KEY": "SS",
  "TIME_ZONE": "UTC-3",
  "COUNTRY_NAME": "South Sudan"
},
{
  "_id": {
    "$oid": "648999480a1fc9d5f3ca45fe"
  },
  "COUNTRY_KEY": "ST",
  "TIME_ZONE": "UTC",
  "COUNTRY_NAME": "S.Tome,Principe"
},
{
  "_id": {
    "$oid": "648999480a1fc9d5f3ca45ff"
  },
  "COUNTRY_KEY": "SV",
  "TIME_ZONE": "UTC-6",
  "COUNTRY_NAME": "El Salvador"
},
{
  "_id": {
    "$oid": "648999480a1fc9d5f3ca4600"
  },
  "COUNTRY_KEY": "SX",
  "TIME_ZONE": "UTC-4",
  "COUNTRY_NAME": "Sint Maarten"
},
{
  "_id": {
    "$oid": "648999480a1fc9d5f3ca4601"
  },
  "COUNTRY_KEY": "SY",
  "TIME_ZONE": "SYRIA",
  "COUNTRY_NAME": "Syria"
},
{
  "_id": {
    "$oid": "648999480a1fc9d5f3ca4602"
  },
  "COUNTRY_KEY": "SZ",
  "TIME_ZONE": "CAT",
  "COUNTRY_NAME": "Eswatini"
},
{
  "_id": {
    "$oid": "648999480a1fc9d5f3ca4603"
  },
  "COUNTRY_KEY": "TC",
  "TIME_ZONE": "EST",
  "COUNTRY_NAME": "Turksh Caicosin"
},
{
  "_id": {
    "$oid": "648999480a1fc9d5f3ca4604"
  },
  "COUNTRY_KEY": "TD",
  "TIME_ZONE": "WAT",
  "COUNTRY_NAME": "Chad"
},
{
  "_id": {
    "$oid": "648999480a1fc9d5f3ca4605"
  },
  "COUNTRY_KEY": "TF",
  "TIME_ZONE": "UTC+5",
  "COUNTRY_NAME": "French S.Territ"
},
{
  "_id": {
    "$oid": "648999480a1fc9d5f3ca4606"
  },
  "COUNTRY_KEY": "TG",
  "TIME_ZONE": "UTC",
  "COUNTRY_NAME": "Togo"
},
{
  "_id": {
    "$oid": "648999480a1fc9d5f3ca4607"
  },
  "COUNTRY_KEY": "TH",
  "TIME_ZONE": "UTC+7",
  "COUNTRY_NAME": "Thailand"
},
{
  "_id": {
    "$oid": "648999480a1fc9d5f3ca4608"
  },
  "COUNTRY_KEY": "TJ",
  "TIME_ZONE": "UTC+5",
  "COUNTRY_NAME": "Tajikistan"
},
{
  "_id": {
    "$oid": "648999480a1fc9d5f3ca4609"
  },
  "COUNTRY_KEY": "TK",
  "TIME_ZONE": "UTC-10",
  "COUNTRY_NAME": "Tokelau"
},
{
  "_id": {
    "$oid": "648999480a1fc9d5f3ca460a"
  },
  "COUNTRY_KEY": "TL",
  "TIME_ZONE": "UTC+9",
  "COUNTRY_NAME": "East Timor"
},
{
  "_id": {
    "$oid": "648999480a1fc9d5f3ca460b"
  },
  "COUNTRY_KEY": "TM",
  "TIME_ZONE": "UTC+5",
  "COUNTRY_NAME": "Turkmenistan"
},
{
  "_id": {
    "$oid": "648999480a1fc9d5f3ca460c"
  },
  "COUNTRY_KEY": "TN",
  "TIME_ZONE": "UTC+1",
  "COUNTRY_NAME": "Tunisia"
},
{
  "_id": {
    "$oid": "648999480a1fc9d5f3ca460d"
  },
  "COUNTRY_KEY": "TO",
  "TIME_ZONE": "UTC+13",
  "COUNTRY_NAME": "Tonga"
},
{
  "_id": {
    "$oid": "648999480a1fc9d5f3ca460e"
  },
  "COUNTRY_KEY": "TR",
  "TIME_ZONE": "TURKEY",
  "COUNTRY_NAME": "Turkey"
},
{
  "_id": {
    "$oid": "648999480a1fc9d5f3ca460f"
  },
  "COUNTRY_KEY": "TT",
  "TIME_ZONE": "UTC-4",
  "COUNTRY_NAME": "Trinidad,Tobago"
},
{
  "_id": {
    "$oid": "648999480a1fc9d5f3ca4610"
  },
  "COUNTRY_KEY": "TV",
  "TIME_ZONE": "UTC+12",
  "COUNTRY_NAME": "Tuvalu"
},
{
  "_id": {
    "$oid": "648999480a1fc9d5f3ca4611"
  },
  "COUNTRY_KEY": "TW",
  "TIME_ZONE": "UTC+8",
  "COUNTRY_NAME": "Taiwan"
},
{
  "_id": {
    "$oid": "648999480a1fc9d5f3ca4612"
  },
  "COUNTRY_KEY": "TZ",
  "TIME_ZONE": "UTC+3",
  "COUNTRY_NAME": "Tanzania"
},
{
  "_id": {
    "$oid": "648999480a1fc9d5f3ca4613"
  },
  "COUNTRY_KEY": "UA",
  "TIME_ZONE": "EET",
  "COUNTRY_NAME": "Ukraine"
},
{
  "_id": {
    "$oid": "648999480a1fc9d5f3ca4614"
  },
  "COUNTRY_KEY": "UG",
  "TIME_ZONE": "UTC+3",
  "COUNTRY_NAME": "Uganda"
},
{
  "_id": {
    "$oid": "648999480a1fc9d5f3ca4615"
  },
  "COUNTRY_KEY": "UM",
  "TIME_ZONE": "UTC-11",
  "COUNTRY_NAME": "Minor Outl.Isl."
},
{
  "_id": {
    "$oid": "648999480a1fc9d5f3ca4616"
  },
  "COUNTRY_KEY": "US",
  "TIME_ZONE": "CST",
  "COUNTRY_NAME": "USA"
},
{
  "_id": {
    "$oid": "648999480a1fc9d5f3ca4617"
  },
  "COUNTRY_KEY": "UY",
  "TIME_ZONE": "URUGUA",
  "COUNTRY_NAME": "Uruguay"
},
{
  "_id": {
    "$oid": "648999480a1fc9d5f3ca4618"
  },
  "COUNTRY_KEY": "UZ",
  "TIME_ZONE": "UTC+5",
  "COUNTRY_NAME": "Uzbekistan"
},
{
  "_id": {
    "$oid": "648999480a1fc9d5f3ca4619"
  },
  "COUNTRY_KEY": "VA",
  "TIME_ZONE": "CET",
  "COUNTRY_NAME": "Vatican City"
},
{
  "_id": {
    "$oid": "648999480a1fc9d5f3ca461a"
  },
  "COUNTRY_KEY": "VC",
  "TIME_ZONE": "UTC-4",
  "COUNTRY_NAME": "St. Vincent"
},
{
  "_id": {
    "$oid": "648999480a1fc9d5f3ca461b"
  },
  "COUNTRY_KEY": "VE",
  "TIME_ZONE": "UTC-4",
  "COUNTRY_NAME": "Venezuela"
},
{
  "_id": {
    "$oid": "648999480a1fc9d5f3ca461c"
  },
  "COUNTRY_KEY": "VG",
  "TIME_ZONE": "UTC-4",
  "COUNTRY_NAME": "Brit.Virgin Is."
},
{
  "_id": {
    "$oid": "648999480a1fc9d5f3ca461d"
  },
  "COUNTRY_KEY": "VI",
  "TIME_ZONE": "UTC-4",
  "COUNTRY_NAME": "US Virgin Isl."
},
{
  "_id": {
    "$oid": "648999480a1fc9d5f3ca461e"
  },
  "COUNTRY_KEY": "VN",
  "TIME_ZONE": "UTC+7",
  "COUNTRY_NAME": "Vietnam"
},
{
  "_id": {
    "$oid": "648999480a1fc9d5f3ca461f"
  },
  "COUNTRY_KEY": "VU",
  "TIME_ZONE": "UTC+11",
  "COUNTRY_NAME": "Vanuatu"
},
{
  "_id": {
    "$oid": "648999480a1fc9d5f3ca4620"
  },
  "COUNTRY_KEY": "WF",
  "TIME_ZONE": "UTC+12",
  "COUNTRY_NAME": "Wallis,Futuna"
},
{
  "_id": {
    "$oid": "648999480a1fc9d5f3ca4621"
  },
  "COUNTRY_KEY": "WS",
  "TIME_ZONE": "UTC-11",
  "COUNTRY_NAME": "Samoa"
},
{
  "_id": {
    "$oid": "648999480a1fc9d5f3ca4622"
  },
  "COUNTRY_KEY": "YE",
  "TIME_ZONE": "UTC+3",
  "COUNTRY_NAME": "Yemen"
},
{
  "_id": {
    "$oid": "648999480a1fc9d5f3ca4623"
  },
  "COUNTRY_KEY": "YT",
  "TIME_ZONE": "UTC+3",
  "COUNTRY_NAME": "Mayotte"
},
{
  "_id": {
    "$oid": "648999480a1fc9d5f3ca4624"
  },
  "COUNTRY_KEY": "ZA",
  "TIME_ZONE": "CAT",
  "COUNTRY_NAME": "South Africa"
},
{
  "_id": {
    "$oid": "648999480a1fc9d5f3ca4625"
  },
  "COUNTRY_KEY": "ZM",
  "TIME_ZONE": "CAT",
  "COUNTRY_NAME": "Zambia"
},
{
  "_id": {
    "$oid": "648999480a1fc9d5f3ca4626"
  },
  "COUNTRY_KEY": "ZW",
  "TIME_ZONE": "CAT",
  "COUNTRY_NAME": "Zimbabwe"
}]