[{
  "_id": {
    "$oid": "64523a4545f054fa8c494f63"
  },
  "APPLICATION_ID": "VC00011100",
  "NAME": "React js ",
  "EMAIL": "reactjs@samishti.com",
  "COUNTRY": "USA",
  "CITY": "USA",
  "STATE": "USA",
  "ADDRESS": "Sector 16 Nodia UP",
  "PINCODE": "131101",
  "TIME_ZONE_MOBILE": "Time zone",
  "FAX_DETAILS": "1234",
  "BUSINESS_ROLE": {
    "value": "USA"
  },
  "STATUS_FLAG": 1,
  "VENDOR_CREATE_TOKEN": "aa86b3243e59ed8eb525d52d1406c7a1",
  "VENDOR_CREATE_INVITEE_MAIL": "r.rohilla@gmail.com",
  "VENDOR_CREATE_INVITEE_OTP": 447884,
  "MAILING_TIME": {
    "$date": "2023-06-23T09:24:42.985Z"
  }
},
{
  "_id": {
    "$oid": "6495909110af08640316243b"
  },
  "NAME": "undefined",
  "EMAIL": "undefined",
  "COUNTRY": "undefined",
  "CITY": "undefined",
  "STATE": "undefined",
  "ADDRESS": "NaN",
  "PINCODE": "undefined",
  "DMS": "undefined",
  "TIME_ZONE_MOBILE": "undefined",
  "FAX_DETAILS": "undefined",
  "BUSINESS_ROLE": "undefined",
  "TAX_DATA": {
    "GST": {},
    "PAN": {},
    "CIN": {},
    "MSME": {},
    "AADHAR": {}
  },
  "GST_DOC": "undefined",
  "PAN_DOC": "undefined",
  "CIN_DOC": "undefined",
  "MSME_DOC": "undefined",
  "AADHAR_DOC": "undefined",
  "BANK_DETAILS": {},
  "COMPANY_DATA": {},
  "CONTACT_PERSON": {
    "DETAILS_OF_USER": {},
    "VENDOR": {
      "BIRTH_DATE": {}
    },
    "VENDOR_CONTACT_PERSON": {},
    "PROMOTER": {},
    "DIRECTOR_PARTNER_PROPRIETOR": {}
  },
  "SUBMITTED_FLAG": true,
  "APPLICATION_ID": "VC00011101"
},
{
  "_id": {
    "$oid": "6495b23610af08640316243c"
  },
  "NAME": "undefined",
  "EMAIL": "undefined",
  "COUNTRY": "undefined",
  "CITY": "undefined",
  "STATE": "undefined",
  "ADDRESS": "NaN",
  "PINCODE": "undefined",
  "DMS": "undefined",
  "TIME_ZONE_MOBILE": "undefined",
  "FAX_DETAILS": "undefined",
  "BUSINESS_ROLE": "undefined",
  "TAX_DATA": {
    "GST": {},
    "PAN": {},
    "CIN": {},
    "MSME": {},
    "AADHAR": {}
  },
  "GST_DOC": "undefined",
  "PAN_DOC": "undefined",
  "CIN_DOC": "undefined",
  "MSME_DOC": "undefined",
  "AADHAR_DOC": "undefined",
  "BANK_DETAILS": {},
  "COMPANY_DATA": {},
  "CONTACT_PERSON": {
    "DETAILS_OF_USER": {},
    "VENDOR": {},
    "VENDOR_CONTACT_PERSON": {},
    "PROMOTER": {},
    "DIRECTOR_PARTNER_PROPRIETOR": {}
  },
  "SUBMITTED_FLAG": true,
  "APPLICATION_ID": "VC00011102"
},
{
  "_id": {
    "$oid": "6495b25210af08640316243d"
  },
  "NAME": "undefined",
  "EMAIL": "undefined",
  "COUNTRY": "undefined",
  "CITY": "undefined",
  "STATE": "undefined",
  "ADDRESS": "NaN",
  "PINCODE": "undefined",
  "DMS": "undefined",
  "TIME_ZONE_MOBILE": "undefined",
  "FAX_DETAILS": "undefined",
  "BUSINESS_ROLE": "undefined",
  "TAX_DATA": {
    "GST": {},
    "PAN": {},
    "CIN": {},
    "MSME": {},
    "AADHAR": {}
  },
  "GST_DOC": "undefined",
  "PAN_DOC": "undefined",
  "CIN_DOC": "undefined",
  "MSME_DOC": "undefined",
  "AADHAR_DOC": "undefined",
  "BANK_DETAILS": {},
  "COMPANY_DATA": {},
  "CONTACT_PERSON": {
    "DETAILS_OF_USER": {},
    "VENDOR": {},
    "VENDOR_CONTACT_PERSON": {},
    "PROMOTER": {},
    "DIRECTOR_PARTNER_PROPRIETOR": {}
  },
  "SUBMITTED_FLAG": true,
  "APPLICATION_ID": "VC00011103",
  "MAILING_TIME": {
    "$date": "2023-06-23T09:25:11.246Z"
  },
  "VENDOR_CREATE_INVITEE_MAIL": "r.rohilla@gmail.com",
  "VENDOR_CREATE_TOKEN": "85471dd3e8929668a48acc2da335c802"
},
{
  "_id": {
    "$oid": "6495c2b710af08640316243e"
  },
  "NAME": "undefined",
  "EMAIL": "undefined",
  "COUNTRY": "undefined",
  "CITY": "undefined",
  "STATE": "undefined",
  "ADDRESS": "NaN",
  "PINCODE": "undefined",
  "DMS": "undefined",
  "TIME_ZONE_MOBILE": "undefined",
  "FAX_DETAILS": "undefined",
  "BUSINESS_ROLE": "undefined",
  "TAX_DATA": {
    "GST": {},
    "PAN": {},
    "CIN": {},
    "MSME": {},
    "AADHAR": {}
  },
  "GST_DOC": "undefined",
  "PAN_DOC": "undefined",
  "CIN_DOC": "undefined",
  "MSME_DOC": "undefined",
  "AADHAR_DOC": "undefined",
  "BANK_DETAILS": {},
  "COMPANY_DATA": {},
  "CONTACT_PERSON": {
    "DETAILS_OF_USER": {},
    "VENDOR": {},
    "VENDOR_CONTACT_PERSON": {},
    "PROMOTER": {},
    "DIRECTOR_PARTNER_PROPRIETOR": {}
  },
  "SUBMITTED_FLAG": true,
  "APPLICATION_ID": "VC00011104",
  "MAILING_TIME": {
    "$date": "2023-06-23T10:35:07.626Z"
  },
  "VENDOR_CREATE_INVITEE_MAIL": "r.rohilla@gmail.com",
  "VENDOR_CREATE_TOKEN": "c4a8b15447adaf0a2e3639005a864c60"
},
{
  "_id": {
    "$oid": "649976770a40422b022c62c2"
  },
  "NAME": "Rahul test",
  "EMAIL": "r.rohilla@samishti.com",
  "COUNTRY": "undefined",
  "CITY": "undefined",
  "STATE": "undefined",
  "ADDRESS": "Noidaundefinedundefined",
  "PINCODE": "undefined",
  "DMS": "undefined",
  "TIME_ZONE_MOBILE": "undefined",
  "FAX_DETAILS": "undefined",
  "BUSINESS_ROLE": "undefined",
  "TAX_DATA": {
    "GST": {},
    "PAN": {},
    "CIN": {},
    "MSME": {},
    "AADHAR": {}
  },
  "GST_DOC": "undefined",
  "PAN_DOC": "undefined",
  "CIN_DOC": "undefined",
  "MSME_DOC": "undefined",
  "AADHAR_DOC": "undefined",
  "BANK_DETAILS": {},
  "COMPANY_DATA": {},
  "CONTACT_PERSON": {
    "DETAILS_OF_USER": {},
    "VENDOR": {},
    "VENDOR_CONTACT_PERSON": {},
    "PROMOTER": {},
    "DIRECTOR_PARTNER_PROPRIETOR": {}
  },
  "SUBMITTED_FLAG": true,
  "APPLICATION_ID": "VC00011105",
  "MAILING_TIME": {
    "$date": "2023-06-26T05:58:54.938Z"
  },
  "VENDOR_CREATE_INVITEE_MAIL": "r.rohilla@samishti.com",
  "VENDOR_CREATE_TOKEN": "a7619f60b89c3d7b5ec133317783d83f"
},
{
  "_id": {
    "$oid": "6499769b0a40422b022c62c3"
  },
  "NAME": "Rahul test",
  "EMAIL": "r.rohilla@samishti.com",
  "COUNTRY": "undefined",
  "CITY": "undefined",
  "STATE": "undefined",
  "ADDRESS": "Noidaundefinedundefined",
  "PINCODE": "undefined",
  "DMS": "undefined",
  "TIME_ZONE_MOBILE": "undefined",
  "FAX_DETAILS": "undefined",
  "BUSINESS_ROLE": "undefined",
  "TAX_DATA": {
    "GST": {},
    "PAN": {},
    "CIN": {},
    "MSME": {},
    "AADHAR": {}
  },
  "GST_DOC": "undefined",
  "PAN_DOC": "undefined",
  "CIN_DOC": "undefined",
  "MSME_DOC": "undefined",
  "AADHAR_DOC": "undefined",
  "BANK_DETAILS": {},
  "COMPANY_DATA": {},
  "CONTACT_PERSON": {
    "DETAILS_OF_USER": {},
    "VENDOR": {},
    "VENDOR_CONTACT_PERSON": {},
    "PROMOTER": {},
    "DIRECTOR_PARTNER_PROPRIETOR": {}
  },
  "SUBMITTED_FLAG": true,
  "APPLICATION_ID": "VC00011106",
  "MAILING_TIME": {
    "$date": "2023-06-26T05:59:31.089Z"
  },
  "VENDOR_CREATE_INVITEE_MAIL": "r.rohilla@samishti.com",
  "VENDOR_CREATE_TOKEN": "7fd1bf300c83f35850e2c1d001fc02cb",
  "VENDOR_CREATE_INVITEE_OTP": 233704
},
{
  "_id": {
    "$oid": "649abe4191b8dabddc3dddc5"
  },
  "NAME": "Samishti ",
  "EMAIL": "r.rohilla@samishti.com",
  "COUNTRY": "undefined",
  "CITY": "undefined",
  "STATE": "undefined",
  "ADDRESS": "NaN",
  "PINCODE": "undefined",
  "DMS": "undefined",
  "TIME_ZONE_MOBILE": "undefined",
  "FAX_DETAILS": "undefined",
  "BUSINESS_ROLE": "undefined",
  "TAX_DATA": {
    "GST": {},
    "PAN": {},
    "CIN": {},
    "MSME": {},
    "AADHAR": {}
  },
  "GST_DOC": "undefined",
  "PAN_DOC": "undefined",
  "CIN_DOC": "undefined",
  "MSME_DOC": "undefined",
  "AADHAR_DOC": "undefined",
  "BANK_DETAILS": {},
  "COMPANY_DATA": {},
  "CONTACT_PERSON": {
    "DETAILS_OF_USER": {},
    "VENDOR": {},
    "VENDOR_CONTACT_PERSON": {},
    "PROMOTER": {},
    "DIRECTOR_PARTNER_PROPRIETOR": {}
  },
  "SUBMITTED_FLAG": true,
  "APPLICATION_ID": "VC00011107",
  "MAILING_TIME": {
    "$date": "2023-06-27T05:17:32.273Z"
  },
  "VENDOR_CREATE_INVITEE_MAIL": "h.sharma@samishti.com",
  "VENDOR_CREATE_TOKEN": "b01a4dd451a85c28c4adcc2f9dff88df"
},
{
  "_id": {
    "$oid": "649abe5c91b8dabddc3dddc6"
  },
  "NAME": "Samishti ",
  "EMAIL": "r.rohilla@samishti.com",
  "COUNTRY": "undefined",
  "CITY": "undefined",
  "STATE": "undefined",
  "ADDRESS": "NaN",
  "PINCODE": "undefined",
  "DMS": "undefined",
  "TIME_ZONE_MOBILE": "undefined",
  "FAX_DETAILS": "undefined",
  "BUSINESS_ROLE": "undefined",
  "TAX_DATA": {
    "GST": {},
    "PAN": {},
    "CIN": {},
    "MSME": {},
    "AADHAR": {}
  },
  "GST_DOC": "undefined",
  "PAN_DOC": "undefined",
  "CIN_DOC": "undefined",
  "MSME_DOC": "undefined",
  "AADHAR_DOC": "undefined",
  "BANK_DETAILS": {},
  "COMPANY_DATA": {},
  "CONTACT_PERSON": {
    "DETAILS_OF_USER": {},
    "VENDOR": {},
    "VENDOR_CONTACT_PERSON": {},
    "PROMOTER": {},
    "DIRECTOR_PARTNER_PROPRIETOR": {}
  },
  "SUBMITTED_FLAG": true,
  "APPLICATION_ID": "VC00011108",
  "MAILING_TIME": {
    "$date": "2023-06-27T05:17:58.586Z"
  },
  "VENDOR_CREATE_INVITEE_MAIL": "h.sharma@samishti.com",
  "VENDOR_CREATE_TOKEN": "037b10190f3bf9290ae7b4d6ad757ec9"
},
{
  "_id": {
    "$oid": "649abea891b8dabddc3dddc7"
  },
  "NAME": "ABCDEF",
  "EMAIL": "undefined",
  "COUNTRY": "undefined",
  "CITY": "undefined",
  "STATE": "undefined",
  "ADDRESS": "NaN",
  "PINCODE": "undefined",
  "DMS": "undefined",
  "TIME_ZONE_MOBILE": "undefined",
  "FAX_DETAILS": "undefined",
  "BUSINESS_ROLE": "undefined",
  "TAX_DATA": {
    "GST": {},
    "PAN": {},
    "CIN": {},
    "MSME": {},
    "AADHAR": {}
  },
  "GST_DOC": "undefined",
  "PAN_DOC": "undefined",
  "CIN_DOC": "undefined",
  "MSME_DOC": "undefined",
  "AADHAR_DOC": "undefined",
  "BANK_DETAILS": {},
  "COMPANY_DATA": {},
  "CONTACT_PERSON": {
    "DETAILS_OF_USER": {},
    "VENDOR": {},
    "VENDOR_CONTACT_PERSON": {},
    "PROMOTER": {},
    "DIRECTOR_PARTNER_PROPRIETOR": {}
  },
  "SUBMITTED_FLAG": true,
  "APPLICATION_ID": "VC00011109",
  "MAILING_TIME": {
    "$date": "2023-06-27T05:19:14.486Z"
  },
  "VENDOR_CREATE_INVITEE_MAIL": "h.sharma@samishti.com",
  "VENDOR_CREATE_TOKEN": "93443af516bef2329c92653e87a3aeb2"
},
{
  "_id": {
    "$oid": "649afa6276cb0f05d87a1ecd"
  },
  "NAME": "rahul",
  "EMAIL": "rahul.rohilla@samishti.com",
  "COUNTRY": "IN",
  "CITY": "undefined",
  "STATE": "Haryana",
  "ADDRESS": "abcdefundefinedundefined",
  "PINCODE": "131101",
  "DMS": "131101",
  "TIME_ZONE_MOBILE": "undefined",
  "FAX_DETAILS": "undefined",
  "BUSINESS_ROLE": "AE",
  "TAX_DATA": {
    "GST": {},
    "PAN": {},
    "CIN": {},
    "MSME": {},
    "AADHAR": {}
  },
  "GST_DOC": "undefined",
  "PAN_DOC": "undefined",
  "CIN_DOC": "undefined",
  "MSME_DOC": "undefined",
  "AADHAR_DOC": "undefined",
  "BANK_DETAILS": {},
  "COMPANY_DATA": {
    "COMPANY_CODE": "E1091"
  },
  "CONTACT_PERSON": {
    "DETAILS_OF_USER": {},
    "VENDOR": {},
    "VENDOR_CONTACT_PERSON": {},
    "PROMOTER": {},
    "DIRECTOR_PARTNER_PROPRIETOR": {}
  },
  "SUBMITTED_FLAG": true,
  "APPLICATION_ID": "VC00011110",
  "MAILING_TIME": {
    "$date": "2023-06-27T09:34:05.398Z"
  },
  "VENDOR_CREATE_INVITEE_MAIL": "r.rohilla@samishti.com",
  "VENDOR_CREATE_TOKEN": "0fc870660484a324926d1fa38aa5d8a8",
  "VENDOR_CREATE_INVITEE_OTP": 735206
}]